[{"model": "myapp.topic", "pk": 1, "fields": {"name": "Web Development", "category": "Development"}}, {"model": "myapp.topic", "pk": 2, "fields": {"name": "Management", "category": "Business"}}, {"model": "myapp.topic", "pk": 3, "fields": {"name": "IT Certification", "category": "IT & Software"}}, {"model": "myapp.topic", "pk": 4, "fields": {"name": "Sports", "category": "Health & Fitness"}}, {"model": "myapp.topic", "pk": 5, "fields": {"name": "Economics", "category": "Finance & Accounting"}}, {"model": "myapp.course", "pk": 1, "fields": {"topic": 3, "name": "CCNA", "price": "199.99", "for_everyone": false, "description": "", "interested": 0, "stages": 3, "hours": 30}}, {"model": "myapp.course", "pk": 2, "fields": {"topic": 3, "name": "AWS", "price": "119.99", "for_everyone": true, "description": "", "interested": 0, "stages": 3, "hours": 30}}, {"model": "myapp.course", "pk": 3, "fields": {"topic": 3, "name": "CompTIA Security", "price": "139.99", "for_everyone": false, "description": "", "interested": 1, "stages": 3, "hours": 30}}, {"model": "myapp.course", "pk": 4, "fields": {"topic": 3, "name": "Oracle SQL", "price": "159.99", "for_everyone": false, "description": "", "interested": 0, "stages": 3, "hours": 30}}, {"model": "myapp.course", "pk": 5, "fields": {"topic": 5, "name": "Microeconomics", "price": "199.99", "for_everyone": false, "description": "", "interested": 0, "stages": 3, "hours": 30}}, {"model": "myapp.course", "pk": 6, "fields": {"topic": 5, "name": "Introduction to Economics", "price": "174.99", "for_everyone": true, "description": "", "interested": 1, "stages": 3, "hours": 30}}, {"model": "myapp.course", "pk": 7, "fields": {"topic": 5, "name": "Global Economics", "price": "149.99", "for_everyone": true, "description": "", "interested": 0, "stages": 3, "hours": 30}}, {"model": "myapp.course", "pk": 8, "fields": {"topic": 1, "name": "Web Dev Bootcamp", "price": "199.99", "for_everyone": false, "description": "", "interested": 2, "stages": 3, "hours": 30}}, {"model": "myapp.course", "pk": 9, "fields": {"topic": 1, "name": "Web Design", "price": "159.99", "for_everyone": false, "description": "", "interested": 1, "stages": 3, "hours": 30}}, {"model": "myapp.course", "pk": 10, "fields": {"topic": 1, "name": "Web Development Masterclass", "price": "124.99", "for_everyone": true, "description": "", "interested": 0, "stages": 3, "hours": 30}}, {"model": "myapp.course", "pk": 11, "fields": {"topic": 1, "name": "Build Responsive Websites", "price": "149.99", "for_everyone": false, "description": "", "interested": 0, "stages": 3, "hours": 30}}, {"model": "myapp.course", "pk": 12, "fields": {"topic": 2, "name": "Innovation for Business", "price": "174.99", "for_everyone": true, "description": "", "interested": 0, "stages": 3, "hours": 30}}, {"model": "myapp.course", "pk": 13, "fields": {"topic": 2, "name": "Leadership skills", "price": "184.99", "for_everyone": true, "description": "", "interested": 0, "stages": 3, "hours": 30}}, {"model": "myapp.course", "pk": 14, "fields": {"topic": 2, "name": "Project Management", "price": "149.99", "for_everyone": true, "description": "", "interested": 0, "stages": 3, "hours": 30}}, {"model": "myapp.course", "pk": 15, "fields": {"topic": 4, "name": "Sports Psychology", "price": "174.99", "for_everyone": true, "description": "", "interested": 0, "stages": 3, "hours": 30}}, {"model": "myapp.course", "pk": 16, "fields": {"topic": 4, "name": "Introduction to Soccer", "price": "134.99", "for_everyone": true, "description": "", "interested": 0, "stages": 3, "hours": 30}}, {"model": "myapp.course", "pk": 17, "fields": {"topic": 4, "name": "Swimming Guide for Beginners", "price": "105.99", "for_everyone": true, "description": "", "interested": 0, "stages": 3, "hours": 30}}, {"model": "myapp.student", "pk": 2, "fields": {"school": "University Avenue", "city": "WS", "picture": "", "interested_in": [1, 2, 3]}}, {"model": "myapp.student", "pk": 3, "fields": {"school": "Sunset Avenue", "city": "VC", "picture": "", "interested_in": [2, 5]}}, {"model": "myapp.student", "pk": 4, "fields": {"school": "Prince Street", "city": "CG", "picture": "", "interested_in": [2, 3, 4]}}, {"model": "myapp.student", "pk": 5, "fields": {"school": "Sunset Avenue", "city": "MR", "picture": "", "interested_in": [3, 4, 5]}}, {"model": "myapp.student", "pk": 6, "fields": {"school": "King Street", "city": "WS", "picture": "", "interested_in": [1, 2]}}, {"model": "myapp.student", "pk": 8, "fields": {"school": null, "city": "WS", "picture": "myapp/images/DP.JPG", "interested_in": [1]}}, {"model": "myapp.student", "pk": 10, "fields": {"school": null, "city": "VC", "picture": "", "interested_in": []}}, {"model": "myapp.student", "pk": 11, "fields": {"school": null, "city": "MR", "picture": "", "interested_in": []}}, {"model": "myapp.order", "pk": 1, "fields": {"course": 8, "student": 2, "levels": 2, "order_status": 1, "order_date": "2020-08-13T20:50:01Z", "discounted_price": 0.0}}, {"model": "myapp.order", "pk": 2, "fields": {"course": 14, "student": 2, "levels": 1, "order_status": 1, "order_date": "2020-08-06T20:51:07Z", "discounted_price": 0.0}}, {"model": "myapp.order", "pk": 3, "fields": {"course": 1, "student": 4, "levels": 3, "order_status": 1, "order_date": "2020-08-11T20:51:26Z", "discounted_price": 0.0}}, {"model": "myapp.order", "pk": 4, "fields": {"course": 5, "student": 6, "levels": 1, "order_status": 1, "order_date": "2020-08-13T20:51:51Z", "discounted_price": 0.0}}, {"model": "myapp.order", "pk": 5, "fields": {"course": 11, "student": 6, "levels": 1, "order_status": 1, "order_date": "2020-08-15T20:52:28Z", "discounted_price": 0.0}}, {"model": "myapp.order", "pk": 6, "fields": {"course": 14, "student": 5, "levels": 2, "order_status": 1, "order_date": "2020-08-19T04:31:30Z", "discounted_price": 0.0}}, {"model": "myapp.order", "pk": 7, "fields": {"course": 4, "student": 6, "levels": 1, "order_status": 1, "order_date": "2020-08-20T08:20:07Z", "discounted_price": 143.99099999999999}}, {"model": "myapp.order", "pk": 8, "fields": {"course": 5, "student": 6, "levels": 1, "order_status": 1, "order_date": "2020-08-20T12:17:44Z", "discounted_price": 179.99099999999999}}, {"model": "myapp.order", "pk": 9, "fields": {"course": 10, "student": 6, "levels": 3, "order_status": 1, "order_date": "2020-08-20T12:43:48Z", "discounted_price": 0.0}}, {"model": "myapp.order", "pk": 10, "fields": {"course": 5, "student": 8, "levels": 2, "order_status": 1, "order_date": "2020-08-20T23:03:57Z", "discounted_price": 179.99099999999999}}, {"model": "myapp.order", "pk": 11, "fields": {"course": 9, "student": 8, "levels": 0, "order_status": 1, "order_date": "2020-08-20T23:03:57Z", "discounted_price": 143.99099999999999}}]